                  epoch,         train/box_loss,         train/cls_loss,         train/dfl_loss,   metrics/precision(B),      metrics/recall(B),       metrics/mAP50(B),    metrics/mAP50-95(B),           val/box_loss,           val/cls_loss,           val/dfl_loss,                 lr/pg0,                 lr/pg1,                 lr/pg2
                      1,                 3.4668,                 4.0883,                 4.2029,                0.00113,                0.13242,                 0.0214,                 0.0057,                 3.4364,                 4.4937,                 4.1343,             0.00046575,             0.00046575,             0.00046575
                      2,                 3.2845,                 3.5743,                 3.8684,                0.00248,                0.11872,                0.00212,                0.00095,                 3.5206,                  4.539,                 4.5346,             0.00093275,             0.00093275,             0.00093275
                      3,                 3.0836,                 3.2014,                 3.4266,                0.10821,                0.07601,                0.04818,                 0.0111,                 3.0458,                 3.7947,                 3.5608,              0.0013903,              0.0013903,              0.0013903
                      4,                 2.8928,                 2.9642,                 3.1858,                0.15625,                0.17683,                0.09431,                0.02866,                 2.8961,                 5.2651,                 3.2675,              0.0013866,              0.0013866,              0.0013866
                      5,                 2.7291,                 2.7531,                 3.0347,                0.25294,                0.22501,                0.18275,                 0.0577,                 2.6232,                 4.2949,                 2.9493,              0.0013724,              0.0013724,              0.0013724
